Happiness_Level,Mood,Song_Name,Artist,Genre,Mental_Health_Score,YouTube_Link
4,Happy,Radioactive,Imagine Dragons,Rock,3,https://www.youtube.com/watch?v=ktvTqknDobU
5,Depressed,Take Me to Church,Hozier,Indie,4,https://www.youtube.com/watch?v=MYSVMgRr6pw
2,Depressed,Bad Guy,Billie Eilish,Alternative,4,https://www.youtube.com/watch?v=DyDfgMOUjCI
5,Anxious,Let It Be,The Beatles,Rock,0,https://www.youtube.com/watch?v=QDYfEBY9NM4
4,Sad,Stressed Out,Twenty One Pilots,Alternative,0,https://www.youtube.com/watch?v=pXRviuL6vMY
1,Relaxed,Smells Like Teen Spirit,Nirvana,Grunge,4,https://www.youtube.com/watch?v=hTWKbfoikeg
2,Anxious,Billie Jean,Michael Jackson,Pop,2,https://www.youtube.com/watch?v=Zi_XLOBDo_Y
0,Euphoric,Stressed Out,Twenty One Pilots,Alternative,2,https://www.youtube.com/watch?v=pXRviuL6vMY
0,Euphoric,Shape of My Heart,Sting,Soft Rock,4,https://www.youtube.com/watch?v=locIxsfpgp4
2,Depressed,Bad Guy,Billie Eilish,Alternative,2,https://www.youtube.com/watch?v=DyDfgMOUjCI
0,Euphoric,Bohemian Rhapsody,Queen,Rock,4,https://www.youtube.com/watch?v=fJ9rUzIMcZQ
4,Bored,Radioactive,Imagine Dragons,Rock,4,https://www.youtube.com/watch?v=ktvTqknDobU
0,Neutral,Bohemian Rhapsody,Queen,Rock,4,https://www.youtube.com/watch?v=fJ9rUzIMcZQ
4,Depressed,Happy,Pharrell Williams,Pop,2,https://www.youtube.com/watch?v=y6Sxv-sUYtM
4,Neutral,Blinding Lights,The Weeknd,Synthpop,3,https://www.youtube.com/watch?v=4NRXx6U8ABQ
5,Lonely,Hallelujah,Leonard Cohen,Folk,3,https://www.youtube.com/watch?v=YrLk4vdY28Q
2,Lonely,Stressed Out,Twenty One Pilots,Alternative,4,https://www.youtube.com/watch?v=pXRviuL6vMY
3,Neutral,Don't Stop Believin',Journey,Rock,4,https://www.youtube.com/watch?v=1k8craCGpgs
0,Lonely,Hallelujah,Leonard Cohen,Folk,5,https://www.youtube.com/watch?v=YrLk4vdY28Q
1,Excited,Bad Guy,Billie Eilish,Alternative,4,https://www.youtube.com/watch?v=DyDfgMOUjCI
5,Euphoric,Shake It Off,Taylor Swift,Pop,0,https://www.youtube.com/watch?v=nfWlot6h_JM
5,Joyful,Someone Like You,Adele,Pop,4,https://www.youtube.com/watch?v=hLQl3WQQoQ0
1,Joyful,Shape of You,Ed Sheeran,Pop,5,https://www.youtube.com/watch?v=JGwWNGJdvx8
1,Depressed,Stressed Out,Twenty One Pilots,Alternative,0,https://www.youtube.com/watch?v=pXRviuL6vMY
4,Relaxed,Someone You Loved,Lewis Capaldi,Pop,0,https://www.youtube.com/watch?v=bCuhuePlP8o
4,Happy,Hallelujah,Leonard Cohen,Folk,1,https://www.youtube.com/watch?v=YrLk4vdY28Q
5,Sad,Billie Jean,Michael Jackson,Pop,5,https://www.youtube.com/watch?v=Zi_XLOBDo_Y
0,Sad,Closer,The Chainsmokers,EDM,5,https://www.youtube.com/watch?v=PT2_F-1esPk
0,Neutral,Stressed Out,Twenty One Pilots,Alternative,0,https://www.youtube.com/watch?v=pXRviuL6vMY
1,Neutral,Happy,Pharrell Williams,Pop,2,https://www.youtube.com/watch?v=y6Sxv-sUYtM
5,Sad,Uptown Funk,Bruno Mars,Funk,2,https://www.youtube.com/watch?v=OPf0YbXqDm0
3,Euphoric,Don't Stop Believin',Journey,Rock,5,https://www.youtube.com/watch?v=1k8craCGpgs
0,Joyful,Smells Like Teen Spirit,Nirvana,Grunge,2,https://www.youtube.com/watch?v=hTWKbfoikeg
0,Excited,Shake It Off,Taylor Swift,Pop,5,https://www.youtube.com/watch?v=nfWlot6h_JM
2,Neutral,Someone Like You,Adele,Pop,0,https://www.youtube.com/watch?v=hLQl3WQQoQ0
2,Relaxed,Hey Jude,The Beatles,Rock,5,https://www.youtube.com/watch?v=A_MjCqQoLLA
1,Lonely,Dance Monkey,Tones and I,Pop,3,https://www.youtube.com/watch?v=q0hyYWKXF0Q
2,Bored,Blinding Lights,The Weeknd,Synthpop,1,https://www.youtube.com/watch?v=4NRXx6U8ABQ
3,Relaxed,Imagine,John Lennon,Soft Rock,3,https://www.youtube.com/watch?v=YkgkThdzX-8
3,Anxious,Perfect,Ed Sheeran,Pop,0,https://www.youtube.com/watch?v=2Vv-BfVoq4g
4,Sad,Shape of You,Ed Sheeran,Pop,2,https://www.youtube.com/watch?v=JGwWNGJdvx8
4,Relaxed,Counting Stars,OneRepublic,Pop,5,https://www.youtube.com/watch?v=hT_nvWreIhg
3,Happy,Smells Like Teen Spirit,Nirvana,Grunge,5,https://www.youtube.com/watch?v=hTWKbfoikeg
0,Sad,Billie Jean,Michael Jackson,Pop,2,https://www.youtube.com/watch?v=Zi_XLOBDo_Y
0,Excited,Happy,Pharrell Williams,Pop,5,https://www.youtube.com/watch?v=y6Sxv-sUYtM
0,Joyful,Take Me to Church,Hozier,Indie,4,https://www.youtube.com/watch?v=MYSVMgRr6pw
2,Excited,Shape of You,Ed Sheeran,Pop,3,https://www.youtube.com/watch?v=JGwWNGJdvx8
1,Anxious,Happy,Pharrell Williams,Pop,2,https://www.youtube.com/watch?v=y6Sxv-sUYtM
1,Bored,Rolling in the Deep,Adele,Pop,5,https://www.youtube.com/watch?v=rYEDA3JcQqw
1,Depressed,Happy,Pharrell Williams,Pop,5,https://www.youtube.com/watch?v=y6Sxv-sUYtM
1,Anxious,Shape of You,Ed Sheeran,Pop,0,https://www.youtube.com/watch?v=JGwWNGJdvx8
0,Neutral,Hotel California,Eagles,Rock,5,https://www.youtube.com/watch?v=EqPtz5qN7HM
4,Happy,Hotel California,Eagles,Rock,4,https://www.youtube.com/watch?v=EqPtz5qN7HM
1,Neutral,Someone Like You,Adele,Pop,1,https://www.youtube.com/watch?v=hLQl3WQQoQ0
2,Sad,Rolling in the Deep,Adele,Pop,2,https://www.youtube.com/watch?v=rYEDA3JcQqw
1,Anxious,Rolling in the Deep,Adele,Pop,3,https://www.youtube.com/watch?v=rYEDA3JcQqw
0,Lonely,Uptown Funk,Bruno Mars,Funk,4,https://www.youtube.com/watch?v=OPf0YbXqDm0
5,Happy,Counting Stars,OneRepublic,Pop,1,https://www.youtube.com/watch?v=hT_nvWreIhg
4,Sad,All of Me,John Legend,R&B,1,https://www.youtube.com/watch?v=450p7goxZqg
3,Joyful,Bad Guy,Billie Eilish,Alternative,5,https://www.youtube.com/watch?v=DyDfgMOUjCI
0,Euphoric,Someone You Loved,Lewis Capaldi,Pop,0,https://www.youtube.com/watch?v=bCuhuePlP8o
4,Joyful,Blinding Lights,The Weeknd,Synthpop,5,https://www.youtube.com/watch?v=4NRXx6U8ABQ
3,Bored,Hallelujah,Leonard Cohen,Folk,3,https://www.youtube.com/watch?v=YrLk4vdY28Q
4,Relaxed,Imagine,John Lennon,Soft Rock,4,https://www.youtube.com/watch?v=YkgkThdzX-8
0,Relaxed,Smells Like Teen Spirit,Nirvana,Grunge,2,https://www.youtube.com/watch?v=hTWKbfoikeg
4,Joyful,Take Me to Church,Hozier,Indie,0,https://www.youtube.com/watch?v=MYSVMgRr6pw
2,Excited,Hey Jude,The Beatles,Rock,1,https://www.youtube.com/watch?v=A_MjCqQoLLA
0,Sad,Perfect,Ed Sheeran,Pop,0,https://www.youtube.com/watch?v=2Vv-BfVoq4g
4,Sad,Bad Guy,Billie Eilish,Alternative,5,https://www.youtube.com/watch?v=DyDfgMOUjCI
1,Anxious,Stressed Out,Twenty One Pilots,Alternative,4,https://www.youtube.com/watch?v=pXRviuL6vMY
1,Relaxed,Bad Guy,Billie Eilish,Alternative,4,https://www.youtube.com/watch?v=DyDfgMOUjCI
1,Sad,Let It Be,The Beatles,Rock,5,https://www.youtube.com/watch?v=QDYfEBY9NM4
2,Depressed,Shape of You,Ed Sheeran,Pop,3,https://www.youtube.com/watch?v=JGwWNGJdvx8
0,Euphoric,Closer,The Chainsmokers,EDM,4,https://www.youtube.com/watch?v=PT2_F-1esPk
2,Anxious,Counting Stars,OneRepublic,Pop,5,https://www.youtube.com/watch?v=hT_nvWreIhg
4,Excited,Rolling in the Deep,Adele,Pop,4,https://www.youtube.com/watch?v=rYEDA3JcQqw
3,Sad,Lose Yourself,Eminem,Hip-Hop,1,https://www.youtube.com/watch?v=_Yhyp-_hX2s
5,Excited,Shake It Off,Taylor Swift,Pop,4,https://www.youtube.com/watch?v=nfWlot6h_JM
0,Euphoric,Stressed Out,Twenty One Pilots,Alternative,1,https://www.youtube.com/watch?v=pXRviuL6vMY
0,Neutral,Someone Like You,Adele,Pop,2,https://www.youtube.com/watch?v=hLQl3WQQoQ0
5,Lonely,Someone Like You,Adele,Pop,5,https://www.youtube.com/watch?v=hLQl3WQQoQ0
2,Sad,Uptown Funk,Bruno Mars,Funk,0,https://www.youtube.com/watch?v=OPf0YbXqDm0
0,Lonely,Happy,Pharrell Williams,Pop,0,https://www.youtube.com/watch?v=y6Sxv-sUYtM
0,Depressed,All of Me,John Legend,R&B,1,https://www.youtube.com/watch?v=450p7goxZqg
3,Euphoric,Bad Guy,Billie Eilish,Alternative,1,https://www.youtube.com/watch?v=DyDfgMOUjCI
3,Lonely,Smells Like Teen Spirit,Nirvana,Grunge,1,https://www.youtube.com/watch?v=hTWKbfoikeg
2,Excited,Hey Jude,The Beatles,Rock,0,https://www.youtube.com/watch?v=A_MjCqQoLLA
2,Lonely,Shake It Off,Taylor Swift,Pop,4,https://www.youtube.com/watch?v=nfWlot6h_JM
3,Depressed,Don't Stop Believin',Journey,Rock,2,https://www.youtube.com/watch?v=1k8craCGpgs
3,Happy,Let It Be,The Beatles,Rock,4,https://www.youtube.com/watch?v=QDYfEBY9NM4
2,Lonely,Dance Monkey,Tones and I,Pop,5,https://www.youtube.com/watch?v=q0hyYWKXF0Q
1,Euphoric,All of Me,John Legend,R&B,4,https://www.youtube.com/watch?v=450p7goxZqg
2,Sad,Shake It Off,Taylor Swift,Pop,1,https://www.youtube.com/watch?v=nfWlot6h_JM
4,Relaxed,Hallelujah,Leonard Cohen,Folk,2,https://www.youtube.com/watch?v=YrLk4vdY28Q
0,Bored,Shake It Off,Taylor Swift,Pop,3,https://www.youtube.com/watch?v=nfWlot6h_JM
0,Lonely,Rolling in the Deep,Adele,Pop,1,https://www.youtube.com/watch?v=rYEDA3JcQqw
3,Excited,Don't Stop Believin',Journey,Rock,0,https://www.youtube.com/watch?v=1k8craCGpgs
1,Bored,Counting Stars,OneRepublic,Pop,3,https://www.youtube.com/watch?v=hT_nvWreIhg
1,Euphoric,Uptown Funk,Bruno Mars,Funk,4,https://www.youtube.com/watch?v=OPf0YbXqDm0
1,Anxious,Let It Be,The Beatles,Rock,3,https://www.youtube.com/watch?v=QDYfEBY9NM4
3,Motivated,Bohemian Rhapsody,Taylor Swift,Electronic,0,https://www.youtube.com/watch?v=880205
4,Depressed,Blinding Lights,Ed Sheeran,Rock,4,https://www.youtube.com/watch?v=334445
5,Depressed,Uptown Funk,Post Malone,Jazz,0,https://www.youtube.com/watch?v=207002
2,Motivated,Blinding Lights,Billie Eilish,Pop,3,https://www.youtube.com/watch?v=242635
1,Sad,Happier Than Ever,Adele,Pop,0,https://www.youtube.com/watch?v=424568
4,Anxious,Someone Like You,Coldplay,Pop,4,https://www.youtube.com/watch?v=622898
2,Excited,Shape of You,BTS,Rock,0,https://www.youtube.com/watch?v=880189
5,Happy,Shape of You,Coldplay,Alternative,3,https://www.youtube.com/watch?v=662558
2,Depressed,Take On Me,Coldplay,Classical,2,https://www.youtube.com/watch?v=621007
5,Happy,Uptown Funk,BTS,Electronic,3,https://www.youtube.com/watch?v=372292
5,Sad,Bad Habits,Ariana Grande,Jazz,5,https://www.youtube.com/watch?v=523327
3,Excited,Bad Habits,Ed Sheeran,Pop,4,https://www.youtube.com/watch?v=912639
1,Happy,Someone Like You,Billie Eilish,Hip-Hop,1,https://www.youtube.com/watch?v=347664
5,Happy,Blinding Lights,The Weeknd,Classical,2,https://www.youtube.com/watch?v=366141
5,Happy,Uptown Funk,Billie Eilish,Pop,5,https://www.youtube.com/watch?v=507326
2,Relaxed,Blinding Lights,Adele,Alternative,3,https://www.youtube.com/watch?v=989521
3,Relaxed,Someone Like You,Ariana Grande,Rock,5,https://www.youtube.com/watch?v=899223
1,Motivated,Bohemian Rhapsody,Ariana Grande,Pop,0,https://www.youtube.com/watch?v=669919
4,Motivated,Shape of You,Ariana Grande,Rock,1,https://www.youtube.com/watch?v=730802
4,Happy,Bohemian Rhapsody,Ariana Grande,Alternative,3,https://www.youtube.com/watch?v=858627
5,Depressed,Happier Than Ever,Taylor Swift,Classical,5,https://www.youtube.com/watch?v=164610
2,Excited,Bad Habits,Post Malone,Indie,1,https://www.youtube.com/watch?v=334443
1,Anxious,Bohemian Rhapsody,Drake,Indie,5,https://www.youtube.com/watch?v=499405
4,Sad,Bohemian Rhapsody,Billie Eilish,Indie,0,https://www.youtube.com/watch?v=294848
5,Depressed,Bad Habits,Ariana Grande,Jazz,0,https://www.youtube.com/watch?v=910051
3,Sad,Shape of You,Ariana Grande,Classical,2,https://www.youtube.com/watch?v=893950
3,Happy,Bad Habits,Coldplay,Hip-Hop,5,https://www.youtube.com/watch?v=513254
4,Depressed,Bohemian Rhapsody,Coldplay,Classical,1,https://www.youtube.com/watch?v=827102
3,Happy,Uptown Funk,Ed Sheeran,Alternative,1,https://www.youtube.com/watch?v=849391
2,Anxious,Circles,The Weeknd,Rock,0,https://www.youtube.com/watch?v=128430
2,Excited,Bohemian Rhapsody,Ed Sheeran,Alternative,2,https://www.youtube.com/watch?v=923048
3,Sad,Happier Than Ever,The Weeknd,Classical,3,https://www.youtube.com/watch?v=295842
4,Motivated,Someone Like You,Coldplay,Pop,0,https://www.youtube.com/watch?v=762804
4,Excited,Save Your Tears,Billie Eilish,Rock,2,https://www.youtube.com/watch?v=805140
1,Depressed,Save Your Tears,BTS,Jazz,0,https://www.youtube.com/watch?v=238887
5,Relaxed,Bad Habits,The Weeknd,Alternative,2,https://www.youtube.com/watch?v=955061
1,Motivated,Blinding Lights,BTS,Electronic,3,https://www.youtube.com/watch?v=793286
2,Relaxed,Shape of You,Ed Sheeran,Rock,2,https://www.youtube.com/watch?v=247300
3,Relaxed,Shape of You,The Weeknd,Hip-Hop,3,https://www.youtube.com/watch?v=483525
5,Happy,Someone Like You,Coldplay,Rock,3,https://www.youtube.com/watch?v=120695
3,Anxious,Happier Than Ever,Ariana Grande,Alternative,5,https://www.youtube.com/watch?v=602225
3,Happy,Bad Habits,Billie Eilish,Electronic,0,https://www.youtube.com/watch?v=615214
1,Happy,Shape of You,Billie Eilish,Alternative,2,https://www.youtube.com/watch?v=778340
3,Depressed,Happier Than Ever,Ed Sheeran,Hip-Hop,5,https://www.youtube.com/watch?v=973834
4,Relaxed,Circles,Taylor Swift,Pop,1,https://www.youtube.com/watch?v=230822
5,Happy,Shape of You,Ariana Grande,Classical,0,https://www.youtube.com/watch?v=737194
4,Anxious,Shape of You,Billie Eilish,Hip-Hop,4,https://www.youtube.com/watch?v=732279
2,Excited,Save Your Tears,The Weeknd,Electronic,1,https://www.youtube.com/watch?v=689741
2,Depressed,Uptown Funk,Coldplay,Electronic,4,https://www.youtube.com/watch?v=220018
1,Sad,Bohemian Rhapsody,Ariana Grande,Indie,1,https://www.youtube.com/watch?v=516448
1,Sad,Bohemian Rhapsody,Drake,Classical,3,https://www.youtube.com/watch?v=278075
5,Motivated,Circles,Post Malone,Electronic,2,https://www.youtube.com/watch?v=701186
5,Excited,Blinding Lights,Ed Sheeran,Classical,4,https://www.youtube.com/watch?v=796989
3,Sad,Uptown Funk,The Weeknd,Jazz,1,https://www.youtube.com/watch?v=501522
3,Depressed,Someone Like You,Taylor Swift,Alternative,2,https://www.youtube.com/watch?v=625450
1,Happy,Blinding Lights,Ariana Grande,Hip-Hop,5,https://www.youtube.com/watch?v=702257
5,Excited,Blinding Lights,Ariana Grande,Rock,4,https://www.youtube.com/watch?v=983205
5,Anxious,Circles,Post Malone,Rock,4,https://www.youtube.com/watch?v=610923
4,Motivated,Circles,Drake,Pop,0,https://www.youtube.com/watch?v=884318
3,Sad,Bohemian Rhapsody,The Weeknd,Jazz,3,https://www.youtube.com/watch?v=606614
3,Motivated,Bad Habits,Billie Eilish,Rock,2,https://www.youtube.com/watch?v=443899
3,Sad,Save Your Tears,Drake,Pop,0,https://www.youtube.com/watch?v=344678
5,Motivated,Save Your Tears,Coldplay,Classical,3,https://www.youtube.com/watch?v=544474
2,Motivated,Take On Me,Adele,Rock,3,https://www.youtube.com/watch?v=857488
5,Depressed,Circles,Taylor Swift,Alternative,1,https://www.youtube.com/watch?v=206148
4,Motivated,Circles,Ariana Grande,Classical,0,https://www.youtube.com/watch?v=404925
5,Happy,Happier Than Ever,BTS,Indie,1,https://www.youtube.com/watch?v=901514
2,Depressed,Happier Than Ever,Adele,Indie,4,https://www.youtube.com/watch?v=880010
4,Anxious,Save Your Tears,Taylor Swift,Hip-Hop,5,https://www.youtube.com/watch?v=210576
3,Motivated,Someone Like You,Adele,Electronic,4,https://www.youtube.com/watch?v=524252
2,Sad,Circles,Taylor Swift,Pop,0,https://www.youtube.com/watch?v=811770
5,Sad,Bohemian Rhapsody,Coldplay,Rock,5,https://www.youtube.com/watch?v=121012
4,Happy,Blinding Lights,Drake,Indie,2,https://www.youtube.com/watch?v=584865
4,Motivated,Shape of You,BTS,Alternative,5,https://www.youtube.com/watch?v=279466
5,Anxious,Take On Me,Drake,Pop,4,https://www.youtube.com/watch?v=239162
2,Motivated,Circles,Billie Eilish,Electronic,1,https://www.youtube.com/watch?v=937567
5,Anxious,Shape of You,BTS,Alternative,5,https://www.youtube.com/watch?v=741674
5,Anxious,Bohemian Rhapsody,BTS,Indie,0,https://www.youtube.com/watch?v=487856
5,Motivated,Blinding Lights,Drake,Electronic,2,https://www.youtube.com/watch?v=195591
5,Anxious,Someone Like You,Post Malone,Classical,0,https://www.youtube.com/watch?v=377919
3,Relaxed,Happier Than Ever,Drake,Electronic,5,https://www.youtube.com/watch?v=707530
2,Sad,Uptown Funk,The Weeknd,Pop,1,https://www.youtube.com/watch?v=269568
1,Anxious,Circles,Post Malone,Alternative,1,https://www.youtube.com/watch?v=235003
3,Relaxed,Happier Than Ever,Ariana Grande,Classical,2,https://www.youtube.com/watch?v=495113
5,Motivated,Someone Like You,The Weeknd,Hip-Hop,2,https://www.youtube.com/watch?v=349848
2,Happy,Take On Me,Ed Sheeran,Pop,3,https://www.youtube.com/watch?v=308978
3,Anxious,Blinding Lights,Taylor Swift,Indie,5,https://www.youtube.com/watch?v=622257
2,Anxious,Uptown Funk,Ariana Grande,Hip-Hop,2,https://www.youtube.com/watch?v=491437
2,Relaxed,Blinding Lights,Taylor Swift,Electronic,0,https://www.youtube.com/watch?v=277837
5,Happy,Circles,Taylor Swift,Rock,4,https://www.youtube.com/watch?v=154693
1,Excited,Circles,Drake,Indie,0,https://www.youtube.com/watch?v=831238
1,Relaxed,Happier Than Ever,Ed Sheeran,Pop,5,https://www.youtube.com/watch?v=923427
5,Excited,Someone Like You,Taylor Swift,Jazz,3,https://www.youtube.com/watch?v=981309
4,Excited,Bad Habits,Ariana Grande,Alternative,0,https://www.youtube.com/watch?v=318633
4,Excited,Shape of You,Ed Sheeran,Electronic,3,https://www.youtube.com/watch?v=387083
4,Relaxed,Happier Than Ever,Drake,Rock,1,https://www.youtube.com/watch?v=142263
3,Excited,Happier Than Ever,Drake,Pop,2,https://www.youtube.com/watch?v=400757
4,Sad,Someone Like You,Post Malone,Jazz,4,https://www.youtube.com/watch?v=119980
5,Happy,Bad Habits,BTS,Indie,2,https://www.youtube.com/watch?v=509187
4,Excited,Blinding Lights,BTS,Pop,2,https://www.youtube.com/watch?v=576924
4,Sad,Blinding Lights,BTS,Jazz,3,https://www.youtube.com/watch?v=931362
4,Happy,Shape of You,Drake,Jazz,2,https://www.youtube.com/watch?v=876159
3,Anxious,Bad Habits,Adele,Jazz,5,https://www.youtube.com/watch?v=211011
2,Sad,Blinding Lights,Post Malone,Pop,1,https://www.youtube.com/watch?v=515680
1,Excited,Save Your Tears,Drake,Pop,0,https://www.youtube.com/watch?v=795692
5,Sad,Take On Me,Adele,Alternative,0,https://www.youtube.com/watch?v=709424
5,Sad,Take On Me,BTS,Indie,3,https://www.youtube.com/watch?v=727720
5,Anxious,Happier Than Ever,Coldplay,Rock,2,https://www.youtube.com/watch?v=968136
2,Relaxed,Happier Than Ever,BTS,Pop,5,https://www.youtube.com/watch?v=133367
2,Anxious,Bad Habits,The Weeknd,Classical,0,https://www.youtube.com/watch?v=629431
3,Depressed,Someone Like You,Ed Sheeran,Hip-Hop,0,https://www.youtube.com/watch?v=101754
1,Excited,Blinding Lights,Taylor Swift,Electronic,1,https://www.youtube.com/watch?v=705291
5,Motivated,Bad Habits,Ed Sheeran,Jazz,4,https://www.youtube.com/watch?v=768964
5,Sad,Shape of You,Coldplay,Rock,2,https://www.youtube.com/watch?v=250639
2,Happy,Blinding Lights,Billie Eilish,Classical,2,https://www.youtube.com/watch?v=929280
4,Excited,Bad Habits,Adele,Pop,2,https://www.youtube.com/watch?v=869546
2,Happy,Save Your Tears,Ed Sheeran,Electronic,0,https://www.youtube.com/watch?v=483140
1,Sad,Bohemian Rhapsody,BTS,Alternative,5,https://www.youtube.com/watch?v=177526
5,Excited,Shape of You,Taylor Swift,Rock,2,https://www.youtube.com/watch?v=679293
3,Depressed,Bohemian Rhapsody,BTS,Classical,5,https://www.youtube.com/watch?v=673718
3,Depressed,Take On Me,Ariana Grande,Jazz,3,https://www.youtube.com/watch?v=836059
2,Anxious,Circles,BTS,Alternative,2,https://www.youtube.com/watch?v=416536
5,Sad,Take On Me,Coldplay,Classical,5,https://www.youtube.com/watch?v=665717
4,Relaxed,Bad Habits,BTS,Indie,3,https://www.youtube.com/watch?v=919933
5,Sad,Happier Than Ever,BTS,Indie,2,https://www.youtube.com/watch?v=533866
3,Motivated,Take On Me,Billie Eilish,Classical,1,https://www.youtube.com/watch?v=373493
2,Relaxed,Bohemian Rhapsody,Taylor Swift,Pop,2,https://www.youtube.com/watch?v=267961
4,Anxious,Shape of You,Adele,Electronic,1,https://www.youtube.com/watch?v=571050
5,Depressed,Circles,The Weeknd,Alternative,0,https://www.youtube.com/watch?v=430771
1,Depressed,Shape of You,Billie Eilish,Jazz,3,https://www.youtube.com/watch?v=561062
5,Excited,Shape of You,The Weeknd,Hip-Hop,5,https://www.youtube.com/watch?v=645003
5,Anxious,Shape of You,The Weeknd,Indie,2,https://www.youtube.com/watch?v=189074
2,Motivated,Circles,Taylor Swift,Rock,0,https://www.youtube.com/watch?v=275723
2,Depressed,Bad Habits,BTS,Jazz,5,https://www.youtube.com/watch?v=155291
2,Anxious,Save Your Tears,BTS,Hip-Hop,2,https://www.youtube.com/watch?v=528119
4,Sad,Blinding Lights,Ariana Grande,Alternative,4,https://www.youtube.com/watch?v=715841
4,Depressed,Someone Like You,BTS,Indie,4,https://www.youtube.com/watch?v=375453
2,Excited,Bad Habits,Taylor Swift,Rock,5,https://www.youtube.com/watch?v=777804
2,Excited,Save Your Tears,Drake,Hip-Hop,0,https://www.youtube.com/watch?v=128323
4,Anxious,Blinding Lights,BTS,Classical,1,https://www.youtube.com/watch?v=959453
5,Motivated,Save Your Tears,Coldplay,Alternative,4,https://www.youtube.com/watch?v=740868
4,Motivated,Save Your Tears,Taylor Swift,Pop,3,https://www.youtube.com/watch?v=466106
1,Excited,Blinding Lights,The Weeknd,Electronic,4,https://www.youtube.com/watch?v=103149
4,Depressed,Uptown Funk,The Weeknd,Classical,2,https://www.youtube.com/watch?v=495514
4,Anxious,Save Your Tears,Post Malone,Indie,4,https://www.youtube.com/watch?v=827274
1,Sad,Bohemian Rhapsody,Ed Sheeran,Indie,5,https://www.youtube.com/watch?v=568591
4,Happy,Bad Habits,Coldplay,Classical,4,https://www.youtube.com/watch?v=362946
3,Depressed,Take On Me,BTS,Hip-Hop,1,https://www.youtube.com/watch?v=946460
1,Depressed,Bad Habits,Adele,Rock,0,https://www.youtube.com/watch?v=115894
2,Excited,Take On Me,Billie Eilish,Electronic,2,https://www.youtube.com/watch?v=824556
5,Anxious,Bohemian Rhapsody,The Weeknd,Indie,1,https://www.youtube.com/watch?v=878959
2,Depressed,Shape of You,Adele,Hip-Hop,3,https://www.youtube.com/watch?v=327374
5,Happy,Happier Than Ever,Post Malone,Indie,4,https://www.youtube.com/watch?v=539857
1,Motivated,Save Your Tears,Post Malone,Alternative,2,https://www.youtube.com/watch?v=485067
5,Sad,Shape of You,Drake,Indie,3,https://www.youtube.com/watch?v=954576
4,Anxious,Someone Like You,Ariana Grande,Jazz,5,https://www.youtube.com/watch?v=943927
5,Relaxed,Happier Than Ever,Billie Eilish,Alternative,2,https://www.youtube.com/watch?v=687027
1,Relaxed,Bad Habits,Ariana Grande,Jazz,4,https://www.youtube.com/watch?v=240894
5,Happy,Bohemian Rhapsody,Drake,Alternative,2,https://www.youtube.com/watch?v=758492
3,Motivated,Circles,Billie Eilish,Indie,1,https://www.youtube.com/watch?v=605170
1,Relaxed,Bad Habits,Billie Eilish,Jazz,4,https://www.youtube.com/watch?v=327010
2,Motivated,Circles,Adele,Electronic,3,https://www.youtube.com/watch?v=288825
1,Relaxed,Happier Than Ever,Drake,Hip-Hop,5,https://www.youtube.com/watch?v=845360
5,Anxious,Bad Habits,Ed Sheeran,Electronic,0,https://www.youtube.com/watch?v=245160
3,Relaxed,Circles,Billie Eilish,Alternative,3,https://www.youtube.com/watch?v=525749
5,Relaxed,Bad Habits,Ed Sheeran,Classical,2,https://www.youtube.com/watch?v=327037
1,Motivated,Circles,Adele,Indie,4,https://www.youtube.com/watch?v=113507
1,Motivated,Uptown Funk,Billie Eilish,Indie,2,https://www.youtube.com/watch?v=520379
3,Depressed,Blinding Lights,Ed Sheeran,Indie,2,https://www.youtube.com/watch?v=490933
5,Excited,Bad Habits,Ed Sheeran,Electronic,5,https://www.youtube.com/watch?v=850706
1,Relaxed,Bad Habits,Ed Sheeran,Pop,4,https://www.youtube.com/watch?v=910629
3,Depressed,Save Your Tears,The Weeknd,Jazz,2,https://www.youtube.com/watch?v=705787
3,Relaxed,Bohemian Rhapsody,Taylor Swift,Hip-Hop,0,https://www.youtube.com/watch?v=421176
5,Depressed,Circles,The Weeknd,Hip-Hop,5,https://www.youtube.com/watch?v=785314
5,Relaxed,Blinding Lights,Ariana Grande,Hip-Hop,5,https://www.youtube.com/watch?v=853882
2,Relaxed,Circles,Drake,Indie,1,https://www.youtube.com/watch?v=342109
4,Happy,Uptown Funk,Ariana Grande,Hip-Hop,1,https://www.youtube.com/watch?v=741409
4,Anxious,Blinding Lights,The Weeknd,Rock,2,https://www.youtube.com/watch?v=599112
4,Depressed,Save Your Tears,Drake,Alternative,1,https://www.youtube.com/watch?v=259922
3,Excited,Take On Me,Taylor Swift,Pop,4,https://www.youtube.com/watch?v=584590
3,Excited,Circles,Ed Sheeran,Alternative,3,https://www.youtube.com/watch?v=176860
3,Sad,Save Your Tears,The Weeknd,Electronic,1,https://www.youtube.com/watch?v=366260
2,Relaxed,Save Your Tears,BTS,Indie,3,https://www.youtube.com/watch?v=325288
5,Sad,Bad Habits,Ariana Grande,Hip-Hop,3,https://www.youtube.com/watch?v=570907
4,Excited,Uptown Funk,The Weeknd,Jazz,1,https://www.youtube.com/watch?v=689532
4,Happy,Happier Than Ever,Post Malone,Electronic,1,https://www.youtube.com/watch?v=397876
1,Relaxed,Take On Me,The Weeknd,Pop,2,https://www.youtube.com/watch?v=405960
1,Motivated,Uptown Funk,Ed Sheeran,Alternative,5,https://www.youtube.com/watch?v=950591
3,Sad,Take On Me,Billie Eilish,Rock,5,https://www.youtube.com/watch?v=615567
2,Happy,Someone Like You,Taylor Swift,Rock,2,https://www.youtube.com/watch?v=650282
5,Relaxed,Save Your Tears,Billie Eilish,Classical,4,https://www.youtube.com/watch?v=744980
4,Anxious,Bohemian Rhapsody,Coldplay,Jazz,0,https://www.youtube.com/watch?v=497755
4,Relaxed,Take On Me,Adele,Indie,5,https://www.youtube.com/watch?v=882502
3,Excited,Save Your Tears,Taylor Swift,Alternative,2,https://www.youtube.com/watch?v=592286
5,Motivated,Bad Habits,Ariana Grande,Pop,1,https://www.youtube.com/watch?v=371753
4,Excited,Circles,Ed Sheeran,Classical,1,https://www.youtube.com/watch?v=413527
3,Happy,Blinding Lights,Post Malone,Jazz,1,https://www.youtube.com/watch?v=199886
5,Excited,Shape of You,The Weeknd,Electronic,3,https://www.youtube.com/watch?v=127351
5,Motivated,Shape of You,The Weeknd,Alternative,4,https://www.youtube.com/watch?v=843543
4,Motivated,Save Your Tears,Post Malone,Jazz,3,https://www.youtube.com/watch?v=750280
2,Sad,Bad Habits,BTS,Rock,1,https://www.youtube.com/watch?v=294506
4,Depressed,Shape of You,Drake,Classical,4,https://www.youtube.com/watch?v=127886
2,Depressed,Circles,Ariana Grande,Alternative,5,https://www.youtube.com/watch?v=931069
3,Happy,Uptown Funk,The Weeknd,Pop,1,https://www.youtube.com/watch?v=421986
1,Relaxed,Uptown Funk,The Weeknd,Indie,2,https://www.youtube.com/watch?v=173520
1,Relaxed,Uptown Funk,Drake,Indie,5,https://www.youtube.com/watch?v=765343
3,Excited,Circles,Ariana Grande,Rock,5,https://www.youtube.com/watch?v=822191
3,Relaxed,Shape of You,Drake,Rock,2,https://www.youtube.com/watch?v=747044
5,Excited,Save Your Tears,The Weeknd,Rock,2,https://www.youtube.com/watch?v=293963
1,Relaxed,Bad Habits,Post Malone,Rock,2,https://www.youtube.com/watch?v=461985
1,Depressed,Bad Habits,Coldplay,Classical,5,https://www.youtube.com/watch?v=692379
3,Relaxed,Happier Than Ever,Ariana Grande,Classical,4,https://www.youtube.com/watch?v=894622
4,Motivated,Circles,Billie Eilish,Hip-Hop,4,https://www.youtube.com/watch?v=445258
3,Relaxed,Uptown Funk,Ed Sheeran,Pop,4,https://www.youtube.com/watch?v=348206
5,Depressed,Circles,Adele,Indie,1,https://www.youtube.com/watch?v=227595
4,Relaxed,Uptown Funk,Taylor Swift,Hip-Hop,1,https://www.youtube.com/watch?v=724851
4,Depressed,Happier Than Ever,Ed Sheeran,Alternative,5,https://www.youtube.com/watch?v=261369
2,Motivated,Take On Me,Drake,Alternative,1,https://www.youtube.com/watch?v=767017
4,Sad,Someone Like You,Coldplay,Indie,5,https://www.youtube.com/watch?v=810981
5,Happy,Bohemian Rhapsody,BTS,Electronic,0,https://www.youtube.com/watch?v=874757
5,Happy,Circles,Adele,Pop,3,https://www.youtube.com/watch?v=496313
5,Happy,Blinding Lights,Ariana Grande,Alternative,2,https://www.youtube.com/watch?v=566151
5,Happy,Take On Me,Post Malone,Electronic,3,https://www.youtube.com/watch?v=742035
5,Sad,Bad Habits,Ed Sheeran,Rock,0,https://www.youtube.com/watch?v=318120
5,Happy,Take On Me,Ariana Grande,Rock,5,https://www.youtube.com/watch?v=565734
3,Sad,Circles,BTS,Hip-Hop,3,https://www.youtube.com/watch?v=809839
4,Depressed,Bad Habits,Ariana Grande,Classical,3,https://www.youtube.com/watch?v=452517
4,Relaxed,Bad Habits,Adele,Pop,0,https://www.youtube.com/watch?v=584895
5,Excited,Someone Like You,Billie Eilish,Rock,3,https://www.youtube.com/watch?v=709551
3,Relaxed,Bohemian Rhapsody,Ariana Grande,Jazz,2,https://www.youtube.com/watch?v=342019
2,Motivated,Take On Me,Ed Sheeran,Hip-Hop,2,https://www.youtube.com/watch?v=837218
5,Depressed,Circles,Adele,Alternative,0,https://www.youtube.com/watch?v=521060
5,Motivated,Blinding Lights,BTS,Classical,4,https://www.youtube.com/watch?v=192036
2,Sad,Blinding Lights,Adele,Hip-Hop,2,https://www.youtube.com/watch?v=439197
1,Happy,Bohemian Rhapsody,Ed Sheeran,Rock,4,https://www.youtube.com/watch?v=992881
4,Motivated,Circles,BTS,Rock,3,https://www.youtube.com/watch?v=680070
2,Relaxed,Blinding Lights,Adele,Alternative,3,https://www.youtube.com/watch?v=490969
4,Sad,Happier Than Ever,Coldplay,Indie,2,https://www.youtube.com/watch?v=755065
5,Depressed,Shape of You,BTS,Pop,2,https://www.youtube.com/watch?v=484256
5,Sad,Circles,Adele,Pop,5,https://www.youtube.com/watch?v=644167
2,Sad,Shape of You,Coldplay,Hip-Hop,0,https://www.youtube.com/watch?v=499023
3,Motivated,Happier Than Ever,Billie Eilish,Jazz,2,https://www.youtube.com/watch?v=738343
3,Anxious,Take On Me,BTS,Alternative,5,https://www.youtube.com/watch?v=555845
4,Excited,Shape of You,Coldplay,Indie,4,https://www.youtube.com/watch?v=554582
2,Motivated,Blinding Lights,BTS,Hip-Hop,4,https://www.youtube.com/watch?v=387439
3,Sad,Bad Habits,BTS,Alternative,2,https://www.youtube.com/watch?v=723878
1,Relaxed,Shape of You,Coldplay,Indie,5,https://www.youtube.com/watch?v=201723
4,Relaxed,Happier Than Ever,Ed Sheeran,Rock,1,https://www.youtube.com/watch?v=421748
3,Excited,Happier Than Ever,Ariana Grande,Hip-Hop,2,https://www.youtube.com/watch?v=359850
2,Motivated,Save Your Tears,Ed Sheeran,Jazz,1,https://www.youtube.com/watch?v=465119
4,Depressed,Bohemian Rhapsody,Ariana Grande,Indie,2,https://www.youtube.com/watch?v=109778
2,Motivated,Bohemian Rhapsody,Ariana Grande,Electronic,5,https://www.youtube.com/watch?v=342284
4,Relaxed,Someone Like You,Billie Eilish,Classical,3,https://www.youtube.com/watch?v=756476
3,Motivated,Bad Habits,Coldplay,Alternative,5,https://www.youtube.com/watch?v=339696
5,Sad,Circles,Ariana Grande,Hip-Hop,4,https://www.youtube.com/watch?v=671808
3,Depressed,Save Your Tears,BTS,Rock,3,https://www.youtube.com/watch?v=200279
1,Anxious,Someone Like You,Adele,Jazz,2,https://www.youtube.com/watch?v=493452
1,Depressed,Take On Me,Post Malone,Hip-Hop,2,https://www.youtube.com/watch?v=898750
3,Anxious,Save Your Tears,Billie Eilish,Electronic,0,https://www.youtube.com/watch?v=275434
4,Sad,Blinding Lights,The Weeknd,Jazz,3,https://www.youtube.com/watch?v=531051
1,Anxious,Bohemian Rhapsody,Ed Sheeran,Jazz,1,https://www.youtube.com/watch?v=770267
3,Relaxed,Happier Than Ever,Drake,Hip-Hop,4,https://www.youtube.com/watch?v=956171
2,Relaxed,Bad Habits,Coldplay,Classical,0,https://www.youtube.com/watch?v=269476
1,Relaxed,Save Your Tears,Post Malone,Electronic,1,https://www.youtube.com/watch?v=907488
2,Motivated,Someone Like You,Coldplay,Hip-Hop,1,https://www.youtube.com/watch?v=862387
4,Excited,Uptown Funk,BTS,Pop,5,https://www.youtube.com/watch?v=348706
3,Excited,Bad Habits,Coldplay,Classical,0,https://www.youtube.com/watch?v=738231
4,Relaxed,Bad Habits,Taylor Swift,Indie,1,https://www.youtube.com/watch?v=297333
3,Depressed,Shape of You,Ed Sheeran,Electronic,3,https://www.youtube.com/watch?v=509342
2,Motivated,Uptown Funk,Post Malone,Alternative,0,https://www.youtube.com/watch?v=648617
1,Motivated,Happier Than Ever,Billie Eilish,Indie,2,https://www.youtube.com/watch?v=384989
2,Relaxed,Save Your Tears,Post Malone,Indie,4,https://www.youtube.com/watch?v=522650
4,Motivated,Uptown Funk,Adele,Rock,5,https://www.youtube.com/watch?v=539839
2,Excited,Uptown Funk,Drake,Jazz,5,https://www.youtube.com/watch?v=669283
2,Relaxed,Circles,Drake,Jazz,1,https://www.youtube.com/watch?v=572185
5,Motivated,Circles,Billie Eilish,Indie,1,https://www.youtube.com/watch?v=617188
3,Excited,Someone Like You,Adele,Jazz,5,https://www.youtube.com/watch?v=410527
3,Sad,Blinding Lights,Ed Sheeran,Electronic,1,https://www.youtube.com/watch?v=798755
1,Depressed,Circles,Ed Sheeran,Classical,0,https://www.youtube.com/watch?v=118056
3,Anxious,Happier Than Ever,Post Malone,Jazz,0,https://www.youtube.com/watch?v=351651
5,Sad,Shape of You,Billie Eilish,Pop,0,https://www.youtube.com/watch?v=370147
3,Sad,Uptown Funk,BTS,Pop,4,https://www.youtube.com/watch?v=250839
4,Excited,Shape of You,Drake,Hip-Hop,0,https://www.youtube.com/watch?v=744469
4,Anxious,Bohemian Rhapsody,Post Malone,Rock,4,https://www.youtube.com/watch?v=677760
2,Depressed,Someone Like You,Billie Eilish,Rock,1,https://www.youtube.com/watch?v=219718
3,Happy,Happier Than Ever,Adele,Pop,0,https://www.youtube.com/watch?v=766043
2,Anxious,Uptown Funk,Ed Sheeran,Alternative,5,https://www.youtube.com/watch?v=332827
3,Happy,Shape of You,BTS,Indie,2,https://www.youtube.com/watch?v=905447
3,Relaxed,Save Your Tears,Taylor Swift,Hip-Hop,1,https://www.youtube.com/watch?v=574644
2,Motivated,Blinding Lights,The Weeknd,Indie,1,https://www.youtube.com/watch?v=301982
5,Happy,Circles,Billie Eilish,Pop,2,https://www.youtube.com/watch?v=107984
4,Anxious,Bad Habits,The Weeknd,Alternative,3,https://www.youtube.com/watch?v=956424
2,Depressed,Take On Me,Post Malone,Classical,3,https://www.youtube.com/watch?v=997103
5,Motivated,Uptown Funk,Post Malone,Pop,2,https://www.youtube.com/watch?v=936729
3,Motivated,Uptown Funk,Ariana Grande,Indie,4,https://www.youtube.com/watch?v=558716
5,Depressed,Blinding Lights,Post Malone,Electronic,2,https://www.youtube.com/watch?v=786880
2,Sad,Bad Habits,Ed Sheeran,Classical,4,https://www.youtube.com/watch?v=703641
5,Happy,Save Your Tears,Ariana Grande,Hip-Hop,5,https://www.youtube.com/watch?v=579469
3,Sad,Happier Than Ever,Drake,Jazz,0,https://www.youtube.com/watch?v=538823
5,Happy,Save Your Tears,Adele,Jazz,1,https://www.youtube.com/watch?v=661333
1,Excited,Good 4 U,Olivia Rodrigo,R&B,0,https://www.youtube.com/watch?v=347231
2,Excited,Drivers License,Olivia Rodrigo,Electronic,3,https://www.youtube.com/watch?v=595355
4,Excited,Let Her Go,Passenger,Hip-Hop,5,https://www.youtube.com/watch?v=309468
2,Happy,Bad Guy,Billie Eilish,Classical,2,https://www.youtube.com/watch?v=846305
2,Excited,Bohemian Rhapsody,Queen,Alternative,3,https://www.youtube.com/watch?v=787730
1,Happy,Sweet Child O' Mine,Guns N' Roses,Rock,1,https://www.youtube.com/watch?v=211869
3,Sad,Good 4 U,Olivia Rodrigo,Pop,1,https://www.youtube.com/watch?v=359646
4,Calm,Wonderwall,Oasis,Pop,4,https://www.youtube.com/watch?v=417323
3,Calm,Blinding Lights,The Weeknd,Electronic,2,https://www.youtube.com/watch?v=674473
5,Depressed,Sweet Child O' Mine,Guns N' Roses,Jazz,2,https://www.youtube.com/watch?v=417143
5,Excited,Hey Jude,The Beatles,Alternative,4,https://www.youtube.com/watch?v=376581
1,Sad,Perfect,Ed Sheeran,Rock,2,https://www.youtube.com/watch?v=920271
4,Excited,Billie Jean,Michael Jackson,Indie,5,https://www.youtube.com/watch?v=505036
3,Excited,Photograph,Ed Sheeran,Rock,5,https://www.youtube.com/watch?v=824667
5,Excited,I Will Always Love You,Whitney Houston,Pop,0,https://www.youtube.com/watch?v=881664
1,Sad,Take Me to Church,Hozier,Electronic,3,https://www.youtube.com/watch?v=174518
3,Excited,Sicko Mode,Travis Scott,Pop,0,https://www.youtube.com/watch?v=934823
5,Anxious,Shape of You,Ed Sheeran,Hip-Hop,0,https://www.youtube.com/watch?v=137193
4,Anxious,Sweet Child O' Mine,Guns N' Roses,Alternative,0,https://www.youtube.com/watch?v=136304
1,Excited,We Will Rock You,Queen,Classical,3,https://www.youtube.com/watch?v=756277
4,Happy,Bohemian Rhapsody,Queen,Electronic,3,https://www.youtube.com/watch?v=466910
5,Happy,Take Me to Church,Hozier,Indie,5,https://www.youtube.com/watch?v=517666
4,Sad,Boogie Wonderland,"Earth, Wind & Fire",Alternative,5,https://www.youtube.com/watch?v=353595
3,Anxious,Hey Jude,The Beatles,Jazz,0,https://www.youtube.com/watch?v=442041
2,Happy,Perfect,Ed Sheeran,Electronic,2,https://www.youtube.com/watch?v=813783
4,Anxious,Dance Monkey,Tones and I,Indie,0,https://www.youtube.com/watch?v=404796
3,Sad,Save Your Tears,The Weeknd,Jazz,1,https://www.youtube.com/watch?v=909860
3,Excited,We Will Rock You,Queen,Electronic,4,https://www.youtube.com/watch?v=152658
3,Depressed,Tears in Heaven,Eric Clapton,Rock,4,https://www.youtube.com/watch?v=904173
5,Sad,Believer,Imagine Dragons,Alternative,3,https://www.youtube.com/watch?v=377803
1,Depressed,Sweet Child O' Mine,Guns N' Roses,Pop,1,https://www.youtube.com/watch?v=285387
2,Anxious,Lose Yourself,Eminem,Rock,3,https://www.youtube.com/watch?v=192384
5,Anxious,Tears in Heaven,Eric Clapton,Rock,0,https://www.youtube.com/watch?v=565708
1,Excited,Viva La Vida,Coldplay,Hip-Hop,0,https://www.youtube.com/watch?v=815226
3,Excited,Wonderwall,Oasis,Classical,3,https://www.youtube.com/watch?v=613947
4,Calm,Dance Monkey,Tones and I,R&B,3,https://www.youtube.com/watch?v=709427
4,Calm,Believer,Imagine Dragons,Rock,0,https://www.youtube.com/watch?v=625375
2,Sad,Bohemian Rhapsody,Queen,Pop,4,https://www.youtube.com/watch?v=531386
1,Anxious,Viva La Vida,Coldplay,Pop,0,https://www.youtube.com/watch?v=717892
4,Excited,Viva La Vida,Coldplay,Jazz,5,https://www.youtube.com/watch?v=270548
1,Calm,Nothing Else Matters,Metallica,Pop,1,https://www.youtube.com/watch?v=622738
3,Calm,Shape of You,Ed Sheeran,Jazz,3,https://www.youtube.com/watch?v=914240
4,Sad,Smells Like Teen Spirit,Nirvana,Alternative,0,https://www.youtube.com/watch?v=903747
5,Happy,Radioactive,Imagine Dragons,Hip-Hop,1,https://www.youtube.com/watch?v=146803
1,Calm,Hotel California,Eagles,Jazz,5,https://www.youtube.com/watch?v=991463
4,Happy,Hey Jude,The Beatles,Rock,3,https://www.youtube.com/watch?v=266043
5,Anxious,Let It Be,The Beatles,Rock,0,https://www.youtube.com/watch?v=482062
2,Sad,Sweet Child O' Mine,Guns N' Roses,Pop,5,https://www.youtube.com/watch?v=734998
3,Depressed,Bohemian Rhapsody,Queen,Alternative,5,https://www.youtube.com/watch?v=826791
4,Happy,Drivers License,Olivia Rodrigo,Jazz,1,https://www.youtube.com/watch?v=646603
1,Anxious,Wonderwall,Oasis,Indie,5,https://www.youtube.com/watch?v=315711
4,Happy,Boogie Wonderland,"Earth, Wind & Fire",Classical,0,https://www.youtube.com/watch?v=397062
4,Sad,Seven Nation Army,The White Stripes,Alternative,1,https://www.youtube.com/watch?v=430058
2,Calm,Levitating,Dua Lipa,Classical,5,https://www.youtube.com/watch?v=630848
1,Excited,We Will Rock You,Queen,Jazz,0,https://www.youtube.com/watch?v=223150
1,Sad,Thinking Out Loud,Ed Sheeran,Rock,0,https://www.youtube.com/watch?v=931149
1,Depressed,Smells Like Teen Spirit,Nirvana,Alternative,5,https://www.youtube.com/watch?v=588519
2,Calm,Stressed Out,Twenty One Pilots,Jazz,5,https://www.youtube.com/watch?v=489807
2,Happy,Photograph,Ed Sheeran,Classical,3,https://www.youtube.com/watch?v=715356
5,Excited,I Will Always Love You,Whitney Houston,Rock,0,https://www.youtube.com/watch?v=905376
5,Happy,Hey Jude,The Beatles,Classical,1,https://www.youtube.com/watch?v=206449
2,Sad,All of Me,John Legend,Rock,3,https://www.youtube.com/watch?v=804303
1,Excited,Stressed Out,Twenty One Pilots,Hip-Hop,4,https://www.youtube.com/watch?v=781276
3,Excited,Boogie Wonderland,"Earth, Wind & Fire",Electronic,4,https://www.youtube.com/watch?v=204996
1,Happy,Rolling in the Deep,Adele,Hip-Hop,0,https://www.youtube.com/watch?v=608167
2,Anxious,Tears in Heaven,Eric Clapton,R&B,4,https://www.youtube.com/watch?v=806828
5,Sad,Tears in Heaven,Eric Clapton,Indie,4,https://www.youtube.com/watch?v=309761
3,Calm,Shallow,Lady Gaga & Bradley Cooper,Hip-Hop,2,https://www.youtube.com/watch?v=326617
4,Depressed,I Will Always Love You,Whitney Houston,Alternative,2,https://www.youtube.com/watch?v=610701
2,Anxious,Circles,Post Malone,Alternative,3,https://www.youtube.com/watch?v=240885
2,Happy,Nothing Else Matters,Metallica,Rock,0,https://www.youtube.com/watch?v=277804
4,Happy,Bad Guy,Billie Eilish,Indie,5,https://www.youtube.com/watch?v=873224
1,Happy,Dance Monkey,Tones and I,Electronic,4,https://www.youtube.com/watch?v=950346
3,Happy,Seven Nation Army,The White Stripes,Indie,4,https://www.youtube.com/watch?v=520646
4,Excited,Nothing Else Matters,Metallica,Indie,3,https://www.youtube.com/watch?v=712753
3,Happy,Bad Guy,Billie Eilish,Jazz,0,https://www.youtube.com/watch?v=934704
4,Happy,Bad Guy,Billie Eilish,Jazz,2,https://www.youtube.com/watch?v=278665
5,Excited,Dance Monkey,Tones and I,Electronic,5,https://www.youtube.com/watch?v=471007
2,Depressed,Let It Be,The Beatles,Indie,0,https://www.youtube.com/watch?v=919500
5,Excited,Radioactive,Imagine Dragons,Rock,0,https://www.youtube.com/watch?v=425568
5,Happy,I Will Always Love You,Whitney Houston,Pop,0,https://www.youtube.com/watch?v=911558
4,Sad,Hey Jude,The Beatles,Indie,5,https://www.youtube.com/watch?v=969708
3,Depressed,Sicko Mode,Travis Scott,Alternative,4,https://www.youtube.com/watch?v=456096
2,Excited,Bohemian Rhapsody,Queen,Pop,2,https://www.youtube.com/watch?v=524261
5,Sad,Sicko Mode,Travis Scott,R&B,3,https://www.youtube.com/watch?v=820532
5,Calm,Shape of You,Ed Sheeran,Jazz,3,https://www.youtube.com/watch?v=332030
4,Excited,Levitating,Dua Lipa,Indie,0,https://www.youtube.com/watch?v=474447
3,Happy,Let Her Go,Passenger,Hip-Hop,1,https://www.youtube.com/watch?v=872238
2,Excited,Save Your Tears,The Weeknd,Classical,2,https://www.youtube.com/watch?v=233732
5,Excited,Smells Like Teen Spirit,Nirvana,Classical,0,https://www.youtube.com/watch?v=594578
2,Anxious,Hotel California,Eagles,Indie,3,https://www.youtube.com/watch?v=957452
4,Excited,We Will Rock You,Queen,Hip-Hop,3,https://www.youtube.com/watch?v=438718
4,Sad,Wonderwall,Oasis,Jazz,0,https://www.youtube.com/watch?v=442525
3,Happy,Let It Be,The Beatles,Electronic,3,https://www.youtube.com/watch?v=995386
1,Sad,Dancing Queen,ABBA,Rock,5,https://www.youtube.com/watch?v=780520
4,Anxious,Thinking Bout You,Frank Ocean,Rock,3,https://www.youtube.com/watch?v=289981
5,Depressed,Believer,Imagine Dragons,Hip-Hop,3,https://www.youtube.com/watch?v=859335
3,Depressed,Someone Like You,Adele,Jazz,1,https://www.youtube.com/watch?v=926945
1,Excited,Dancing Queen,ABBA,Electronic,3,https://www.youtube.com/watch?v=701882
4,Calm,Shallow,Lady Gaga & Bradley Cooper,Alternative,2,https://www.youtube.com/watch?v=215615
2,Happy,Save Your Tears,The Weeknd,Classical,1,https://www.youtube.com/watch?v=438168
1,Depressed,Sicko Mode,Travis Scott,Jazz,4,https://www.youtube.com/watch?v=286476
5,Excited,Let It Be,The Beatles,Hip-Hop,5,https://www.youtube.com/watch?v=455830
2,Calm,Levitating,Dua Lipa,Hip-Hop,2,https://www.youtube.com/watch?v=515785
4,Excited,Counting Stars,OneRepublic,R&B,4,https://www.youtube.com/watch?v=369675
1,Sad,All of Me,John Legend,R&B,0,https://www.youtube.com/watch?v=410581
4,Happy,Circles,Post Malone,Alternative,4,https://www.youtube.com/watch?v=296908
1,Sad,Lucid Dreams,Juice WRLD,Hip-Hop,2,https://www.youtube.com/watch?v=742349
2,Anxious,Take Me to Church,Hozier,Hip-Hop,4,https://www.youtube.com/watch?v=900586
2,Excited,Rolling in the Deep,Adele,Pop,3,https://www.youtube.com/watch?v=708845
5,Calm,Bohemian Rhapsody,Queen,Rock,3,https://www.youtube.com/watch?v=494832
2,Calm,Sicko Mode,Travis Scott,Indie,5,https://www.youtube.com/watch?v=560606
2,Excited,Happy,Pharrell Williams,Rock,5,https://www.youtube.com/watch?v=586418
5,Calm,Dance Monkey,Tones and I,Indie,2,https://www.youtube.com/watch?v=331415
5,Calm,Roses,SAINt JHN,Hip-Hop,0,https://www.youtube.com/watch?v=253948
3,Depressed,Perfect,Ed Sheeran,Rock,3,https://www.youtube.com/watch?v=727296
3,Excited,Lucid Dreams,Juice WRLD,Rock,0,https://www.youtube.com/watch?v=547905
4,Calm,Lucid Dreams,Juice WRLD,Indie,3,https://www.youtube.com/watch?v=970040
3,Sad,Let It Be,The Beatles,Indie,1,https://www.youtube.com/watch?v=263318
3,Depressed,Shape of You,Ed Sheeran,Jazz,0,https://www.youtube.com/watch?v=387662
4,Depressed,Nothing Else Matters,Metallica,Pop,3,https://www.youtube.com/watch?v=952908
4,Anxious,Take Me to Church,Hozier,Rock,2,https://www.youtube.com/watch?v=183344
1,Calm,Good 4 U,Olivia Rodrigo,R&B,3,https://www.youtube.com/watch?v=298389
5,Anxious,Drivers License,Olivia Rodrigo,Alternative,5,https://www.youtube.com/watch?v=918207
2,Anxious,Shake It Off,Taylor Swift,Hip-Hop,0,https://www.youtube.com/watch?v=657981
1,Happy,Believer,Imagine Dragons,Pop,4,https://www.youtube.com/watch?v=275936
1,Happy,Halo,Beyoncé,Electronic,4,https://www.youtube.com/watch?v=741781
4,Anxious,Rolling in the Deep,Adele,Jazz,1,https://www.youtube.com/watch?v=839822
1,Anxious,Thinking Bout You,Frank Ocean,Rock,4,https://www.youtube.com/watch?v=643153
2,Happy,Counting Stars,OneRepublic,Hip-Hop,5,https://www.youtube.com/watch?v=786049
1,Depressed,Take Me to Church,Hozier,Alternative,1,https://www.youtube.com/watch?v=292248
3,Anxious,Sweet Child O' Mine,Guns N' Roses,Electronic,1,https://www.youtube.com/watch?v=222629
4,Excited,Photograph,Ed Sheeran,Hip-Hop,3,https://www.youtube.com/watch?v=921867
2,Excited,Dancing Queen,ABBA,Indie,5,https://www.youtube.com/watch?v=739070
3,Sad,Roses,SAINt JHN,Jazz,3,https://www.youtube.com/watch?v=989829
3,Depressed,Perfect,Ed Sheeran,Alternative,5,https://www.youtube.com/watch?v=996030
1,Happy,Circles,Post Malone,Electronic,5,https://www.youtube.com/watch?v=728011
2,Excited,Save Your Tears,The Weeknd,Classical,2,https://www.youtube.com/watch?v=428841
2,Excited,All of Me,John Legend,Indie,1,https://www.youtube.com/watch?v=349756
1,Happy,Believer,Imagine Dragons,Rock,0,https://www.youtube.com/watch?v=901525
3,Happy,Halo,Beyoncé,Rock,1,https://www.youtube.com/watch?v=891541
4,Sad,Sicko Mode,Travis Scott,Alternative,4,https://www.youtube.com/watch?v=681309
3,Anxious,Tears in Heaven,Eric Clapton,Alternative,3,https://www.youtube.com/watch?v=865128
4,Sad,Photograph,Ed Sheeran,Electronic,1,https://www.youtube.com/watch?v=384762
1,Depressed,Drivers License,Olivia Rodrigo,Alternative,0,https://www.youtube.com/watch?v=899592
5,Sad,Somebody That I Used to Know,Gotye,Electronic,0,https://www.youtube.com/watch?v=860312
3,Sad,Shake It Off,Taylor Swift,Electronic,2,https://www.youtube.com/watch?v=315172
2,Depressed,Roses,SAINt JHN,Jazz,2,https://www.youtube.com/watch?v=646020
3,Sad,Save Your Tears,The Weeknd,Rock,5,https://www.youtube.com/watch?v=188101
1,Sad,Someone Like You,Adele,Hip-Hop,0,https://www.youtube.com/watch?v=698551
3,Sad,Wonderwall,Oasis,Hip-Hop,5,https://www.youtube.com/watch?v=419763
1,Calm,I Will Always Love You,Whitney Houston,Indie,5,https://www.youtube.com/watch?v=806779
5,Depressed,Nothing Else Matters,Metallica,Jazz,0,https://www.youtube.com/watch?v=298567
5,Sad,Highway to Hell,AC/DC,Classical,3,https://www.youtube.com/watch?v=762886
3,Excited,Thinking Out Loud,Ed Sheeran,Indie,3,https://www.youtube.com/watch?v=547850
3,Calm,Let It Be,The Beatles,R&B,2,https://www.youtube.com/watch?v=667001
2,Depressed,Counting Stars,OneRepublic,Jazz,0,https://www.youtube.com/watch?v=667293
2,Depressed,Hotel California,Eagles,Classical,1,https://www.youtube.com/watch?v=113233
1,Calm,Blinding Lights,The Weeknd,Rock,2,https://www.youtube.com/watch?v=385767
2,Happy,Lose Control,Meduza,Hip-Hop,2,https://www.youtube.com/watch?v=178462
2,Anxious,Boogie Wonderland,"Earth, Wind & Fire",Alternative,2,https://www.youtube.com/watch?v=137868
5,Depressed,Shake It Off,Taylor Swift,R&B,2,https://www.youtube.com/watch?v=339511
2,Depressed,Boogie Wonderland,"Earth, Wind & Fire",Alternative,1,https://www.youtube.com/watch?v=774895
1,Calm,Boogie Wonderland,"Earth, Wind & Fire",Pop,4,https://www.youtube.com/watch?v=682656
3,Anxious,Thinking Out Loud,Ed Sheeran,Pop,4,https://www.youtube.com/watch?v=805771
2,Excited,We Will Rock You,Queen,Hip-Hop,0,https://www.youtube.com/watch?v=445724
4,Anxious,Drivers License,Olivia Rodrigo,Jazz,5,https://www.youtube.com/watch?v=230014
3,Calm,Hotel California,Eagles,Jazz,4,https://www.youtube.com/watch?v=561666
3,Depressed,Lose Yourself,Eminem,Electronic,4,https://www.youtube.com/watch?v=131276
3,Excited,Perfect,Ed Sheeran,Rock,4,https://www.youtube.com/watch?v=614800
5,Excited,Blinding Lights,The Weeknd,R&B,5,https://www.youtube.com/watch?v=903533
4,Excited,Circles,Post Malone,Indie,1,https://www.youtube.com/watch?v=286088
3,Depressed,Wonderwall,Oasis,Indie,4,https://www.youtube.com/watch?v=832637
5,Sad,Shape of You,Ed Sheeran,Classical,4,https://www.youtube.com/watch?v=293549
1,Sad,Hotel California,Eagles,Pop,1,https://www.youtube.com/watch?v=801179
2,Calm,Lose Yourself,Eminem,Indie,1,https://www.youtube.com/watch?v=257241
5,Calm,Viva La Vida,Coldplay,Rock,5,https://www.youtube.com/watch?v=480715
4,Depressed,Counting Stars,OneRepublic,Rock,1,https://www.youtube.com/watch?v=331107
4,Depressed,Nothing Else Matters,Metallica,Classical,2,https://www.youtube.com/watch?v=924378
5,Excited,Highway to Hell,AC/DC,Pop,1,https://www.youtube.com/watch?v=585246
5,Excited,Halo,Beyoncé,Electronic,4,https://www.youtube.com/watch?v=267081
3,Depressed,Let Her Go,Passenger,Electronic,0,https://www.youtube.com/watch?v=754397
1,Sad,Take Me to Church,Hozier,Jazz,4,https://www.youtube.com/watch?v=773729
4,Depressed,Tears in Heaven,Eric Clapton,Alternative,5,https://www.youtube.com/watch?v=382975
4,Depressed,Somebody That I Used to Know,Gotye,Alternative,2,https://www.youtube.com/watch?v=997790
5,Happy,Circles,Post Malone,Rock,1,https://www.youtube.com/watch?v=963258
5,Sad,Billie Jean,Michael Jackson,R&B,5,https://www.youtube.com/watch?v=259600
2,Depressed,Shape of You,Ed Sheeran,Alternative,5,https://www.youtube.com/watch?v=986181
2,Happy,Levitating,Dua Lipa,Classical,2,https://www.youtube.com/watch?v=305010
4,Excited,Perfect,Ed Sheeran,Indie,3,https://www.youtube.com/watch?v=705604
3,Sad,Radioactive,Imagine Dragons,Rock,1,https://www.youtube.com/watch?v=562207
4,Anxious,Radioactive,Imagine Dragons,Jazz,3,https://www.youtube.com/watch?v=391860
5,Excited,Counting Stars,OneRepublic,Pop,0,https://www.youtube.com/watch?v=918785
5,Sad,Smells Like Teen Spirit,Nirvana,Rock,5,https://www.youtube.com/watch?v=859110
2,Sad,Stressed Out,Twenty One Pilots,Hip-Hop,4,https://www.youtube.com/watch?v=270634
1,Excited,Smells Like Teen Spirit,Nirvana,Electronic,4,https://www.youtube.com/watch?v=118241
2,Happy,Good 4 U,Olivia Rodrigo,Alternative,2,https://www.youtube.com/watch?v=394072
2,Depressed,All of Me,John Legend,Indie,3,https://www.youtube.com/watch?v=800888
5,Depressed,Billie Jean,Michael Jackson,Rock,5,https://www.youtube.com/watch?v=822082
1,Happy,Halo,Beyoncé,Electronic,0,https://www.youtube.com/watch?v=258546
1,Calm,Seven Nation Army,The White Stripes,Hip-Hop,5,https://www.youtube.com/watch?v=566102
4,Depressed,Highway to Hell,AC/DC,Jazz,3,https://www.youtube.com/watch?v=476217
2,Happy,Shallow,Lady Gaga & Bradley Cooper,Classical,5,https://www.youtube.com/watch?v=598761
5,Happy,Highway to Hell,AC/DC,Electronic,5,https://www.youtube.com/watch?v=522195
1,Depressed,Good 4 U,Olivia Rodrigo,Electronic,5,https://www.youtube.com/watch?v=111034
5,Depressed,Wonderwall,Oasis,Hip-Hop,1,https://www.youtube.com/watch?v=725000
1,Depressed,Lose Yourself,Eminem,Jazz,2,https://www.youtube.com/watch?v=708695
4,Anxious,Circles,Post Malone,Hip-Hop,4,https://www.youtube.com/watch?v=381394
3,Excited,Somebody That I Used to Know,Gotye,Pop,3,https://www.youtube.com/watch?v=477788
5,Anxious,Shape of You,Ed Sheeran,Electronic,2,https://www.youtube.com/watch?v=526681
5,Sad,Let Her Go,Passenger,R&B,4,https://www.youtube.com/watch?v=484895
1,Anxious,Radioactive,Imagine Dragons,Jazz,4,https://www.youtube.com/watch?v=307691
5,Sad,Dance Monkey,Tones and I,Pop,1,https://www.youtube.com/watch?v=609081
3,Calm,Seven Nation Army,The White Stripes,Pop,5,https://www.youtube.com/watch?v=615770
5,Depressed,Somebody That I Used to Know,Gotye,Jazz,1,https://www.youtube.com/watch?v=387624
2,Depressed,Stressed Out,Twenty One Pilots,Classical,1,https://www.youtube.com/watch?v=408461
5,Anxious,Dancing Queen,ABBA,Electronic,0,https://www.youtube.com/watch?v=984433
3,Calm,Happy,Pharrell Williams,R&B,5,https://www.youtube.com/watch?v=867368
4,Depressed,Hotel California,Eagles,Electronic,5,https://www.youtube.com/watch?v=479510
2,Depressed,Let Her Go,Passenger,Hip-Hop,0,https://www.youtube.com/watch?v=572719
4,Anxious,Hey Jude,The Beatles,Rock,3,https://www.youtube.com/watch?v=697673
2,Depressed,Happy,Pharrell Williams,Jazz,3,https://www.youtube.com/watch?v=155291
4,Depressed,Highway to Hell,AC/DC,Rock,3,https://www.youtube.com/watch?v=866632
3,Sad,Thinking Out Loud,Ed Sheeran,Jazz,4,https://www.youtube.com/watch?v=688874
4,Anxious,Uptown Funk,Mark Ronson ft. Bruno Mars,Hip-Hop,4,https://www.youtube.com/watch?v=827342
2,Anxious,Thinking Bout You,Frank Ocean,Indie,1,https://www.youtube.com/watch?v=790494
1,Anxious,Halo,Beyoncé,Electronic,3,https://www.youtube.com/watch?v=682122
4,Happy,Dancing Queen,ABBA,Indie,0,https://www.youtube.com/watch?v=624268
2,Anxious,Thinking Bout You,Frank Ocean,Indie,1,https://www.youtube.com/watch?v=142220
5,Anxious,Somebody That I Used to Know,Gotye,Pop,5,https://www.youtube.com/watch?v=755561
1,Calm,Bohemian Rhapsody,Queen,Rock,5,https://www.youtube.com/watch?v=446945
4,Depressed,Billie Jean,Michael Jackson,R&B,5,https://www.youtube.com/watch?v=674227
3,Anxious,Viva La Vida,Coldplay,Pop,3,https://www.youtube.com/watch?v=102366
1,Sad,Photograph,Ed Sheeran,Classical,1,https://www.youtube.com/watch?v=284943
1,Anxious,Rolling in the Deep,Adele,Indie,5,https://www.youtube.com/watch?v=914904
5,Happy,Drivers License,Olivia Rodrigo,Classical,4,https://www.youtube.com/watch?v=333910
4,Calm,Roses,SAINt JHN,R&B,3,https://www.youtube.com/watch?v=153217
1,Anxious,Seven Nation Army,The White Stripes,R&B,5,https://www.youtube.com/watch?v=956959
5,Calm,Stressed Out,Twenty One Pilots,Indie,2,https://www.youtube.com/watch?v=930922
3,Happy,Let Her Go,Passenger,Jazz,1,https://www.youtube.com/watch?v=672351
3,Sad,Good 4 U,Olivia Rodrigo,Indie,2,https://www.youtube.com/watch?v=214546
3,Sad,Thinking Out Loud,Ed Sheeran,Rock,4,https://www.youtube.com/watch?v=333620
1,Sad,Drivers License,Olivia Rodrigo,Pop,2,https://www.youtube.com/watch?v=403054
1,Excited,Lucid Dreams,Juice WRLD,Rock,5,https://www.youtube.com/watch?v=344297
1,Depressed,Someone Like You,Adele,Alternative,2,https://www.youtube.com/watch?v=136783
3,Excited,Uptown Funk,Mark Ronson ft. Bruno Mars,Indie,5,https://www.youtube.com/watch?v=221219
1,Sad,Highway to Hell,AC/DC,Classical,5,https://www.youtube.com/watch?v=317071
1,Calm,Billie Jean,Michael Jackson,Alternative,4,https://www.youtube.com/watch?v=955449
4,Happy,Smells Like Teen Spirit,Nirvana,R&B,2,https://www.youtube.com/watch?v=847638
3,Sad,Lose Yourself,Eminem,Jazz,2,https://www.youtube.com/watch?v=524197
3,Calm,Billie Jean,Michael Jackson,Indie,2,https://www.youtube.com/watch?v=554832
5,Calm,Shallow,Lady Gaga & Bradley Cooper,R&B,2,https://www.youtube.com/watch?v=879017
3,Anxious,Let It Be,The Beatles,Rock,4,https://www.youtube.com/watch?v=636255
3,Anxious,Shake It Off,Taylor Swift,Rock,3,https://www.youtube.com/watch?v=221221
2,Anxious,Thinking Bout You,Frank Ocean,Electronic,0,https://www.youtube.com/watch?v=866425
3,Anxious,Lose Control,Meduza,Hip-Hop,1,https://www.youtube.com/watch?v=829698
1,Happy,Hotel California,Eagles,Classical,1,https://www.youtube.com/watch?v=746834
3,Calm,I Will Always Love You,Whitney Houston,Electronic,0,https://www.youtube.com/watch?v=250469
3,Depressed,Uptown Funk,Mark Ronson ft. Bruno Mars,R&B,2,https://www.youtube.com/watch?v=589556
2,Excited,Shallow,Lady Gaga & Bradley Cooper,Pop,2,https://www.youtube.com/watch?v=984766
5,Calm,Tears in Heaven,Eric Clapton,Classical,2,https://www.youtube.com/watch?v=555418
5,Calm,Lose Control,Meduza,Electronic,4,https://www.youtube.com/watch?v=527488
3,Happy,Save Your Tears,The Weeknd,Hip-Hop,0,https://www.youtube.com/watch?v=504811
3,Sad,Stressed Out,Twenty One Pilots,Indie,4,https://www.youtube.com/watch?v=813388
3,Anxious,Dancing Queen,ABBA,Rock,0,https://www.youtube.com/watch?v=643730
3,Anxious,Smells Like Teen Spirit,Nirvana,Alternative,3,https://www.youtube.com/watch?v=103520
2,Calm,Wonderwall,Oasis,Hip-Hop,1,https://www.youtube.com/watch?v=992447
5,Happy,Halo,Beyoncé,Indie,1,https://www.youtube.com/watch?v=967675
5,Happy,Let Her Go,Passenger,Classical,0,https://www.youtube.com/watch?v=346649
2,Anxious,Hotel California,Eagles,R&B,3,https://www.youtube.com/watch?v=849904
2,Happy,Billie Jean,Michael Jackson,Hip-Hop,1,https://www.youtube.com/watch?v=483224
2,Anxious,Roses,SAINt JHN,R&B,4,https://www.youtube.com/watch?v=441042
2,Excited,Dancing Queen,ABBA,Indie,1,https://www.youtube.com/watch?v=869504
3,Depressed,Someone Like You,Adele,Electronic,3,https://www.youtube.com/watch?v=132408
5,Happy,Take Me to Church,Hozier,Indie,2,https://www.youtube.com/watch?v=704971
3,Excited,Thinking Bout You,Frank Ocean,Classical,2,https://www.youtube.com/watch?v=516852
1,Sad,Take Me to Church,Hozier,Pop,3,https://www.youtube.com/watch?v=407666
3,Happy,Seven Nation Army,The White Stripes,Electronic,0,https://www.youtube.com/watch?v=875428
3,Calm,Lose Control,Meduza,Indie,5,https://www.youtube.com/watch?v=184697
2,Excited,All of Me,John Legend,Indie,1,https://www.youtube.com/watch?v=410457
4,Calm,All of Me,John Legend,R&B,0,https://www.youtube.com/watch?v=900988
4,Excited,Bad Guy,Billie Eilish,Pop,1,https://www.youtube.com/watch?v=759454
2,Sad,Stressed Out,Twenty One Pilots,Hip-Hop,4,https://www.youtube.com/watch?v=688653
4,Excited,Hey Jude,The Beatles,Classical,4,https://www.youtube.com/watch?v=708301
4,Sad,Lose Yourself,Eminem,Hip-Hop,1,https://www.youtube.com/watch?v=610452
2,Sad,Happy,Pharrell Williams,R&B,0,https://www.youtube.com/watch?v=920748
2,Happy,Dancing Queen,ABBA,Rock,0,https://www.youtube.com/watch?v=795156
1,Anxious,Save Your Tears,The Weeknd,Rock,4,https://www.youtube.com/watch?v=377632
1,Sad,Levitating,Dua Lipa,Electronic,3,https://www.youtube.com/watch?v=704048
4,Depressed,Someone Like You,Adele,Classical,0,https://www.youtube.com/watch?v=284933
2,Calm,Uptown Funk,Mark Ronson ft. Bruno Mars,Jazz,1,https://www.youtube.com/watch?v=173715
4,Sad,Someone Like You,Adele,Rock,0,https://www.youtube.com/watch?v=224248
4,Depressed,Uptown Funk,Mark Ronson ft. Bruno Mars,R&B,2,https://www.youtube.com/watch?v=634873
3,Depressed,Somebody That I Used to Know,Gotye,Alternative,0,https://www.youtube.com/watch?v=297206
1,Happy,Blinding Lights,The Weeknd,Pop,0,https://www.youtube.com/watch?v=374427
5,Happy,Lucid Dreams,Juice WRLD,Hip-Hop,1,https://www.youtube.com/watch?v=948245
3,Sad,Billie Jean,Michael Jackson,R&B,3,https://www.youtube.com/watch?v=919913
1,Depressed,Rolling in the Deep,Adele,Jazz,0,https://www.youtube.com/watch?v=633063
1,Depressed,Circles,Post Malone,Rock,2,https://www.youtube.com/watch?v=366950
2,Anxious,Shallow,Lady Gaga & Bradley Cooper,R&B,3,https://www.youtube.com/watch?v=880922
4,Happy,Highway to Hell,AC/DC,Indie,5,https://www.youtube.com/watch?v=624301
4,Happy,Bad Guy,Billie Eilish,Hip-Hop,5,https://www.youtube.com/watch?v=859890
1,Excited,Happy,Pharrell Williams,R&B,3,https://www.youtube.com/watch?v=475119
5,Depressed,Thinking Out Loud,Ed Sheeran,Classical,0,https://www.youtube.com/watch?v=615822
2,Happy,Nothing Else Matters,Metallica,Jazz,5,https://www.youtube.com/watch?v=616598
1,Depressed,Someone Like You,Adele,Classical,2,https://www.youtube.com/watch?v=792924
4,Happy,Perfect,Ed Sheeran,Alternative,0,https://www.youtube.com/watch?v=497694
3,Calm,Uptown Funk,Mark Ronson ft. Bruno Mars,Pop,5,https://www.youtube.com/watch?v=556880
1,Anxious,Dance Monkey,Tones and I,Hip-Hop,2,https://www.youtube.com/watch?v=640246
1,Calm,We Will Rock You,Queen,R&B,1,https://www.youtube.com/watch?v=928774
4,Excited,Somebody That I Used to Know,Gotye,Classical,2,https://www.youtube.com/watch?v=102369
3,Happy,All of Me,John Legend,Pop,0,https://www.youtube.com/watch?v=953042
4,Happy,Lose Control,Meduza,Alternative,5,https://www.youtube.com/watch?v=584692
5,Sad,Lose Control,Meduza,Jazz,4,https://www.youtube.com/watch?v=352600
3,Excited,Halo,Beyoncé,Alternative,2,https://www.youtube.com/watch?v=940492
5,Calm,Shake It Off,Taylor Swift,Hip-Hop,3,https://www.youtube.com/watch?v=187182
5,Depressed,Rolling in the Deep,Adele,R&B,3,https://www.youtube.com/watch?v=750319
5,Sad,Thinking Out Loud,Ed Sheeran,Pop,2,https://www.youtube.com/watch?v=646258
3,Anxious,Lucid Dreams,Juice WRLD,Classical,5,https://www.youtube.com/watch?v=592138
5,Anxious,Lose Yourself,Eminem,Pop,2,https://www.youtube.com/watch?v=188000
1,Anxious,Hey Jude,The Beatles,Hip-Hop,3,https://www.youtube.com/watch?v=835229
1,Sad,Circles,Post Malone,R&B,2,https://www.youtube.com/watch?v=886143
2,Happy,Lose Control,Meduza,Alternative,5,https://www.youtube.com/watch?v=798281
4,Calm,Believer,Imagine Dragons,Indie,3,https://www.youtube.com/watch?v=481833
1,Sad,Seven Nation Army,The White Stripes,Rock,0,https://www.youtube.com/watch?v=391268
1,Sad,Levitating,Dua Lipa,Indie,5,https://www.youtube.com/watch?v=641910
2,Happy,Good 4 U,Olivia Rodrigo,Alternative,5,https://www.youtube.com/watch?v=414887
1,Happy,Photograph,Ed Sheeran,Indie,5,https://www.youtube.com/watch?v=682190
5,Depressed,Radioactive,Imagine Dragons,Pop,4,https://www.youtube.com/watch?v=305870
3,Excited,Roses,SAINt JHN,Rock,0,https://www.youtube.com/watch?v=650923
2,Sad,Blinding Lights,The Weeknd,Indie,2,https://www.youtube.com/watch?v=110852
1,Excited,Nothing Else Matters,Metallica,Jazz,5,https://www.youtube.com/watch?v=692736
2,Calm,Believer,Imagine Dragons,Hip-Hop,0,https://www.youtube.com/watch?v=884950
3,Excited,Bad Guy,Billie Eilish,Hip-Hop,0,https://www.youtube.com/watch?v=617664
5,Anxious,Stressed Out,Twenty One Pilots,Electronic,4,https://www.youtube.com/watch?v=183739
4,Calm,Blinding Lights,The Weeknd,Rock,0,https://www.youtube.com/watch?v=648190
5,Depressed,Thinking Bout You,Frank Ocean,Classical,4,https://www.youtube.com/watch?v=825604
2,Anxious,Radioactive,Imagine Dragons,Rock,3,https://www.youtube.com/watch?v=788957
2,Depressed,Sicko Mode,Travis Scott,R&B,1,https://www.youtube.com/watch?v=963165
2,Excited,Shake It Off,Taylor Swift,Classical,0,https://www.youtube.com/watch?v=880978
4,Depressed,Tears in Heaven,Eric Clapton,Electronic,2,https://www.youtube.com/watch?v=351295
3,Sad,Smells Like Teen Spirit,Nirvana,Electronic,4,https://www.youtube.com/watch?v=503379
3,Calm,Counting Stars,OneRepublic,R&B,0,https://www.youtube.com/watch?v=345178
3,Happy,Blinding Lights,The Weeknd,Indie,3,https://www.youtube.com/watch?v=741700
4,Sad,Let Her Go,Passenger,Jazz,0,https://www.youtube.com/watch?v=899166
3,Calm,Believer,Imagine Dragons,Indie,2,https://www.youtube.com/watch?v=746776
4,Calm,Lucid Dreams,Juice WRLD,Electronic,5,https://www.youtube.com/watch?v=364740
4,Anxious,Rolling in the Deep,Adele,Rock,2,https://www.youtube.com/watch?v=538270
4,Depressed,Happy,Pharrell Williams,Indie,1,https://www.youtube.com/watch?v=680860
3,Depressed,Lose Yourself,Eminem,Alternative,5,https://www.youtube.com/watch?v=647781
4,Sad,Sweet Child O' Mine,Guns N' Roses,Hip-Hop,2,https://www.youtube.com/watch?v=672568
5,Depressed,All of Me,John Legend,Classical,2,https://www.youtube.com/watch?v=523118
1,Excited,Uptown Funk,Mark Ronson ft. Bruno Mars,Pop,2,https://www.youtube.com/watch?v=150017
2,Excited,Someone Like You,Adele,Hip-Hop,4,https://www.youtube.com/watch?v=649970
4,Depressed,Happy,Pharrell Williams,Hip-Hop,1,https://www.youtube.com/watch?v=600764
1,Depressed,Dance Monkey,Tones and I,Classical,2,https://www.youtube.com/watch?v=979014
3,Sad,Somebody That I Used to Know,Gotye,Classical,2,https://www.youtube.com/watch?v=916688
1,Depressed,Viva La Vida,Coldplay,Classical,0,https://www.youtube.com/watch?v=507765
1,Calm,Viva La Vida,Coldplay,Jazz,4,https://www.youtube.com/watch?v=143069
5,Anxious,Bohemian Rhapsody,Queen,Classical,0,https://www.youtube.com/watch?v=347186
2,Excited,Photograph,Ed Sheeran,Hip-Hop,3,https://www.youtube.com/watch?v=866613
4,Happy,Thinking Out Loud,Ed Sheeran,R&B,3,https://www.youtube.com/watch?v=297811
3,Anxious,Shake It Off,Taylor Swift,Electronic,4,https://www.youtube.com/watch?v=938922
5,Sad,Lose Control,Meduza,Alternative,5,https://www.youtube.com/watch?v=157014
1,Excited,Shallow,Lady Gaga & Bradley Cooper,R&B,1,https://www.youtube.com/watch?v=646492
5,Happy,I Will Always Love You,Whitney Houston,R&B,1,https://www.youtube.com/watch?v=359162
3,Happy,Photograph,Ed Sheeran,Alternative,2,https://www.youtube.com/watch?v=863600
3,Calm,Counting Stars,OneRepublic,Alternative,4,https://www.youtube.com/watch?v=982112
5,Excited,We Will Rock You,Queen,Indie,2,https://www.youtube.com/watch?v=787136
2,Calm,Perfect,Ed Sheeran,Alternative,4,https://www.youtube.com/watch?v=624526
5,Sad,Shallow,Lady Gaga & Bradley Cooper,Hip-Hop,1,https://www.youtube.com/watch?v=480382
3,Happy,Boogie Wonderland,"Earth, Wind & Fire",Electronic,2,https://www.youtube.com/watch?v=680145
4,Anxious,Sicko Mode,Travis Scott,R&B,1,https://www.youtube.com/watch?v=365588
4,Excited,Lucid Dreams,Juice WRLD,Classical,0,https://www.youtube.com/watch?v=445732
2,Anxious,Roses,SAINt JHN,Alternative,5,https://www.youtube.com/watch?v=401089
2,Anxious,Happy,Pharrell Williams,Rock,0,https://www.youtube.com/watch?v=412456
1,Sad,Rolling in the Deep,Adele,Classical,5,https://www.youtube.com/watch?v=203050
3,Sad,Highway to Hell,AC/DC,Hip-Hop,1,https://www.youtube.com/watch?v=425999
5,Happy,Roses,SAINt JHN,Rock,5,https://www.youtube.com/watch?v=980815
4,Calm,Drivers License,Olivia Rodrigo,Rock,4,https://www.youtube.com/watch?v=266599
2,Sad,We Will Rock You,Queen,Alternative,2,https://www.youtube.com/watch?v=583949
2,Happy,Shape of You,Ed Sheeran,Jazz,3,https://www.youtube.com/watch?v=140681
3,Happy,I Will Always Love You,Whitney Houston,R&B,0,https://www.youtube.com/watch?v=254557
4,Excited,Blinding Lights,The Weeknd,Rock,2,https://www.youtube.com/watch?v=637692
3,Happy,Sweet Child O' Mine,Guns N' Roses,R&B,0,https://www.youtube.com/watch?v=680331
4,Anxious,Uptown Funk,Mark Ronson ft. Bruno Mars,Jazz,5,https://www.youtube.com/watch?v=508806
5,Sad,Viva La Vida,Coldplay,Hip-Hop,1,https://www.youtube.com/watch?v=610592
5,Anxious,Seven Nation Army,The White Stripes,Electronic,2,https://www.youtube.com/watch?v=518400
1,Excited,Levitating,Dua Lipa,Hip-Hop,2,https://www.youtube.com/watch?v=552199
3,Anxious,Radioactive,Imagine Dragons,Hip-Hop,4,https://www.youtube.com/watch?v=655509
3,Sad,Save Your Tears,The Weeknd,Pop,5,https://www.youtube.com/watch?v=888695
4,Sad,Let It Be,The Beatles,Indie,4,https://www.youtube.com/watch?v=796121
2,Sad,Thinking Bout You,Frank Ocean,Hip-Hop,1,https://www.youtube.com/watch?v=111606
5,Depressed,Levitating,Dua Lipa,Electronic,3,https://www.youtube.com/watch?v=499507
1,Depressed,Halo,Beyoncé,Hip-Hop,5,https://www.youtube.com/watch?v=996534
3,Calm,Shake It Off,Taylor Swift,R&B,1,https://www.youtube.com/watch?v=874350
5,Excited,Bad Guy,Billie Eilish,Rock,5,https://www.youtube.com/watch?v=282331
2,Anxious,Boogie Wonderland,"Earth, Wind & Fire",Classical,0,https://www.youtube.com/watch?v=549240
5,Calm,Good 4 U,Olivia Rodrigo,Pop,4,https://www.youtube.com/watch?v=188063
1,Calm,Counting Stars,OneRepublic,Rock,2,https://www.youtube.com/watch?v=114224
